\u25bd,0.3200000000000001
re,-1.0000000000000007
Booking,-0.10999999999999999
\u26a3,-0.9900000000000007
official,1.0000000000000007
invisible,0.5100000000000002
soon,0.7000000000000004
\udd25,-2.0000000000000013
Besides,-0.6000000000000003
sabe,-0.19000000000000003
\udc19,-0.02
Dream,-0.02
mesma,-0.22000000000000006
4031992,0.0
\u30c7,0.11999999999999998
advertise,0.11999999999999998
\udc80,-0.8100000000000005
guy,0.0
Visual,0.0
\udce9,0.15999999999999998
Do,-1.0000000000000007
stated,-0.6500000000000004
Industry,-0.8800000000000006
\u6027,0.3200000000000001
full,0.0
\uffe3,0.3200000000000001
\u26d4,0.09999999999999999
pleasure,0.0
burger,-0.6000000000000003
puppy,-0.03
collaboration,0.7300000000000004
FEMININA,0.5000000000000002
walrus,0.0
AUNTY,0.12999999999999998
Send,0.7900000000000005
years,-0.8800000000000006
Gym,-0.08
d'une,0.6200000000000003
GETTING,-0.15
Dancer,0.5500000000000003
oledancer,0.0
\uddf1,-0.17
\udeab,0.9200000000000006
llamadas:,0.0
.God,-0.20000000000000004
\uc250,0.0
\ud83d,0.9700000000000009
\udfc62nd,-0.03
\u0401,0.38000000000000017
color,-0.01
Russian,1.0000000000000007
HERE,0.12999999999999998
Hiram,0.0
\udd52,0.6300000000000003
\nwhat,0.0
satisfying,-0.35000000000000014
@itsarabbit,0.0
Georgia.,-0.12999999999999998
\ude18,-0.20000000000000004
xico.,-0.09
Modeling,0.5100000000000002
moi,0.6200000000000003
procura,1.0000000000000007
\u00e3,0.15
\udc95,-0.05000000000000004
a,1.5300000000000011
Thank,1.0000000000000007
Business,-0.8800000000000006
OsakaHRBaseballmg(17),0.0
REQUEST,1.0000000000000007
desi,0.12999999999999998
\udde8,-0.8300000000000005
thing,-0.6500000000000004
\uddf4,0.35000000000000014
pussy,2.0000000000000013
\ufe0e,-2.0000000000000013
que,-0.6100000000000003
adult,0.3200000000000001
our,1.7200000000000013
anal,0.7300000000000004
\u308b,0.36000000000000015
ASSISTANT,-0.17
\ude0d,-0.07
Suicide,0.5100000000000002
20k,0.18000000000000002
Mercy!,0.38000000000000017
Army,-0.10999999999999999
vogue,-0.12999999999999998
una...\.,1.0200000000000007
\u042d,0.3200000000000001
RB,-0.17
\udc8e,-0.8400000000000005
\u2653,-0.6000000000000003
Event,0.36000000000000015
Malague,0.0
American,-0.10999999999999999
Love.,-0.34000000000000014
\u8eab,0.3200000000000001
great,-0.6500000000000004
\udd3b,-0.7600000000000005
off,-0.10999999999999999
dance,-0.5000000000000002
notifications!,0.26000000000000006
Lady,0.8500000000000005
Cinecitt,-0.17
your,1.1200000000000008
CHESTER,0.0
Follow,-0.3300000000000002
Ellen's,0.0
F/t,-0.38000000000000017
sex,0.11999999999999998
make,0.019999999999999997
(especially,0.3200000000000001
DCB,-0.02
@CosmicPanther,0.0
JAN,0.0
ABBA,0.0
Team:,-0.17
Italian,0.6300000000000003
yarinayaoyuan@gmailcom,0.0
tips,0.34000000000000014
love.,-0.7200000000000004
Hold,-0.12999999999999998
miikkaflips,0.0
Team,-0.13999999999999999
Ideas|,0.0
mundo,-0.3300000000000001
\u00c7,0.5000000000000002
\udc3e,-0.4400000000000002
Prince,-0.11999999999999998
Player,-0.17
\ufe0f.,-0.20000000000000004
Girl,0.5100000000000002
Derningui,0.5100000000000002
te,0.0
\u3067,0.13999999999999996
us,1.0800000000000007
food,-0.6500000000000004
\u71b1,0.11999999999999998
snap:catyofficial,0.8500000000000005
\udde7,-0.19000000000000003
\u3059(,0.3200000000000001
.#hot..,0.12999999999999998
\udd42,0.0
content,-0.2900000000000001
dolo,-0.19000000000000003
\u21aa,-0.6000000000000003
fun,0.8300000000000005
instructorpvmodel,0.0
Next?,-0.10999999999999999
\udfc3,-0.01
\u306b,-0.060000000000000005
P,0.5000000000000002
\u044f,-0.48000000000000026
JAN.,-0.15
Lovely,0.3200000000000001
collaborate,0.0
+,1.0600000000000007
atmosphere,0.34000000000000014
email:,-1.0000000000000007
\udd55,0.6300000000000003
\u00e9,-0.5300000000000002
Installations,0.0
Fanpage,0.0
\udf2e.,-0.20000000000000004
@Cosmic.Panther,0.5100000000000002
Metabolix,-0.10999999999999999
DM's,-0.19000000000000003
POST,0.45000000000000023
erection,0.12999999999999998
Art,-0.18
Collaborations,0.0
great.,-0.35000000000000014
Cearense,-0.22000000000000006
Hot,0.34000000000000014
n,-0.09
\u00e1,-1.0200000000000007
\udfc0,-0.2800000000000001
\udc30,0.24000000000000007
1:1,1.0000000000000007
\u270d,0.5100000000000002
best,1.380000000000001
LA,-1.340000000000001
\uff08,0.3200000000000001
here,0.0
Accessories:,-0.38000000000000017
updated,0.10999999999999999
donne,1.0200000000000007
bros.,-0.9900000000000007
if,0.20000000000000004
photo,0.11999999999999998
\udc07,-0.34000000000000014
\udca8,-0.5300000000000002
entrepreneur.,-0.7200000000000004
football,-0.17
dukelifestyle@hotmailcom,0.0
o...,-0.3300000000000001
CRYING,-0.15
LIFE,1.0000000000000007
(,0.09999999999999996
\u3092,1.2400000000000009
vitamin,1.0000000000000007
exchange,0.5900000000000003
\udf31,-0.04
\udc20,-0.5300000000000002
SNAP:,0.0
\udea8,1.0000000000000007
theluxuryofmillionaires@gmailcom,0.0
Youtube,-0.21000000000000005
Inappropriate,-0.6200000000000003
\udc66,-0.2800000000000001
CARS,1.0000000000000007
like,-0.28
Exclusive,-0.20000000000000004
it.,0.38000000000000017
NBC,-0.12999999999999998
just,-0.03
\udfc6,-0.03
\u0438,-0.8100000000000005
Public,-0.01
et,0.6200000000000003
Please,1.2000000000000008
Futuro,0.0
\u2712,-0.4000000000000002
pipsprodu,0.5800000000000003
@derekyates,0.0
drawing!,0.25000000000000006
Live,0.38000000000000017
Italian\n,0.0
Back,0.7500000000000004
\udf0894,-0.08
DiamondField,0.12999999999999998
Direct,1.270000000000001
surmzuads@gmail,-0.7200000000000004
Stage,0.0
.my,0.12999999999999998
Kik/Telegram,0.0
\u7279,0.3200000000000001
pineapple:,0.7300000000000004
al,-0.17
\u30d7,0.11999999999999998
RussiaRostov-on-Don.,-0.6000000000000003
#irensinsinichka,0.3200000000000001
Shop,-0.6400000000000003
iashara,0.0
\udf05,-0.5300000000000002
streetball,0.0
dosage,-1.0000000000000007
Stalker,-0.6000000000000003
eska,-0.01
thebjjboxcom,0.0
PTSD,0.0
~,1.0000000000000007
night,-0.4000000000000002
Hentai,1.420000000000001
coming,1.5900000000000012
Drag,-0.22000000000000006
Backup:Ladycatys,0.8500000000000005
vida,0.0
\udff3,0.0
\udf55,-1.0000000000000007
Ambassador,-0.8800000000000006
\uce58,-0.04
started,-0.22000000000000006
\udfa5,0.5400000000000003
///,-0.35000000000000014
Snapchat:,0.08000000000000003
Wife,0.5900000000000003
hot,1.8700000000000014
Roklin,0.0
\u00e7,1.5800000000000012
Alex,-0.9900000000000007
chillllay,-0.10999999999999999
\u306a,0.24000000000000007
cold,-0.19000000000000003
26,-0.45000000000000023
\udf0a,-0.3100000000000001
\Man,0.34000000000000014
\udfb6,-0.19000000000000003
Powerful,-0.12999999999999998
Cestovate,-0.01
Diego,-0.4000000000000002
\udd11,-0.5000000000000002
\u2744no,0.0
basketball,0.0
blackandwhiteon,0.6800000000000004
request.,1.0000000000000007
\udf0f,-0.07999999999999997
Fuerza,0.5100000000000002
\u00e8,-0.01
\udf3f,-0.13999999999999999
\ud83c,1.0000000000000004
hashtag,0.34000000000000014
Naughty,0.5900000000000003
guys,0.10999999999999999
Amo,0.0
when,-0.7200000000000004
Best,1.0800000000000007
\udf40,-0.3300000000000001
\udc96.,-0.20000000000000004
Snap-,-0.02
Football,-0.17
\u0026,-0.9800000000000006
Messiah,-0.35000000000000014
want,0.12999999999999998
Eletronica,-0.19000000000000003
Vet.,-0.10999999999999999
izzycurran,0.45000000000000023
am,0.11999999999999998
\u2749,0.46000000000000024
\udfa5-,-0.6000000000000003
DiamonField,0.46000000000000024
\udf6d,-0.5000000000000002
\udc30I,0.0
\udffc,-1.2300000000000009
style,0.0
@thebjjbox,-0.17
white,0.6800000000000004
\udcf2,0.22000000000000006
Graphic,0.0
notification,0.16
new,0.8900000000000006
Roma,-0.17
profesional.,0.0
\udf2e,0.0
kill,0.0
\udfac,0.7500000000000004
PHOTOGRAPHY.,-0.7200000000000004
who,1.7700000000000014
\u042f,0.38000000000000017
\udca2.,0.10999999999999999
\udea9,2.0000000000000013
da,1.0000000000000007
\u306f,-0.26000000000000006
Award,0.9500000000000006
\udc2c,-0.45000000000000023
Here,-1.0000000000000007
belo,-0.3300000000000001
natan705,-0.02
\n\u2661,0.0
my,-0.27000000000000013
\u3063,0.24000000000000007
Daily,1.0600000000000007
sarcasm.,-0.6200000000000003
photos,1.0000000000000007
WOMEN,1.0000000000000007
\ubc0d,-0.04
@luxury.beauties,0.09999999999999999
Antonella,0.0
Je,0.6200000000000003
most,0.38000000000000017
\u3057,-0.18000000000000002
bjjtees.com:bonbon10,-0.17
\ud0c0,-0.04
\udce5,0.49000000000000027
Strippers,0.0
fitness,-0.03
first,-0.20000000000000004
Moroccan,-0.5300000000000002
_,0.18000000000000002
\u00fa,-0.5200000000000002
MATANGAZO,-1.0000000000000007
\u3081,0.24000000000000007
L.A.,-0.22000000000000006
biashara,-0.02
4.03.1992,-0.6000000000000003
it,0.0
ONLY,-0.4100000000000002
@yas_casadias,0.5000000000000002
instructor.pv.model,-0.5000000000000002
vez,-0.22000000000000006
asshole,-0.6200000000000003
chance,0.09999999999999999
\u8f09,0.3200000000000001
\udc84,-1.440000000000001
youtube,0.9000000000000006
Contact,1.0500000000000007
Window,0.0
Kittolife/EVERBIKINI/IBIZAtanning/Potenade/MuscleQueens/BodyMechanic/HealthandBeauty/fitnessstore,-0.48000000000000026
miss,0.11999999999999998
bros,0.0
@eddy_nibbles,-0.03
heavy.,-0.7200000000000004
Well,-0.03
u,1.0500000000000007
Accounting,0.0
\udf20,0.10999999999999999
FOOTBALL,-0.02
prends,0.6200000000000003
Olympia,-0.03
status,0.0
Northerns,0.0
\u3046,0.11999999999999998
\u2744,-0.3300000000000001
\udd1d,1.2300000000000009
training,1.0000000000000007
@inktailor,-0.17
TRAVEL,-0.13999999999999999
\udc60,-0.17
\u0423,0.4000000000000002
cuz,0.0
Wellcome,0.34000000000000014
\udd18,-0.49000000000000027
Nutrition,-0.8200000000000005
workout,-0.6500000000000004
Andlove,0.11999999999999998
catyofficial,0.0
Big,0.09999999999999999
\u2764,0.9000000000000006
request,0.38000000000000017
that's,-0.03
(Ask,0.25000000000000006
italian,0.25000000000000006
\u4ed5,-0.5000000000000002
\u30b9,0.11999999999999998
tristate,-0.03
see,0.10999999999999999
follow,1.5200000000000011
Demisexual,-0.5300000000000002
Athlete,-0.10999999999999999
\udcf7.,-0.20000000000000004
\ude47,0.09
Turn,0.7200000000000004
C'est,0.6200000000000003
troppo,1.0200000000000007
bsmmedia,-0.20000000000000004
Installations|,0.0
unless,-0.6500000000000004
SINCE,-0.15
Flowa,-0.9900000000000007
AU,0.9500000000000006
\u00f3,0.16
Vegan,-0.38000000000000017
\udc68,-0.13999999999999999
quad,-0.04
challenge,-0.22000000000000006
straight,-0.6500000000000004
\u0433,-0.2900000000000001
@2hiramstripers,0.0
session,0.9200000000000006
#ExtindoGang,-0.35000000000000014
learn,-0.13999999999999999
\u043d),-0.8200000000000005
WaterSquad,-0.5300000000000002
Email:,0.7300000000000004
IN,1.0000000000000007
C,0.5000000000000002
\u25b6,0.12999999999999998
so,-0.010000000000000004
film,0.7500000000000004
\uddec,0.0
VideosPictures.,1.0100000000000007
\ude0e,0.3100000000000001
Television,0.38000000000000017
Britischkurzhaar,-0.01
seule,0.6200000000000003
\u041c,0.09999999999999999
1,0.38000000000000017
coraz,-0.09
WATCHES,1.0000000000000007
espacio,0.0
22,0.45000000000000023
tails,0.0
BSc.,-0.8200000000000005
walrus..,0.0
WSRH,-0.02
2017,-0.8200000000000005
Mermaid,-0.45000000000000023
Unfollow,0.34000000000000014
ACCETTANO,0.25000000000000006
#teamlanena,-0.03
interact,0.7200000000000004
Masters,-0.38000000000000017
\u3066,0.6800000000000004
@vitalbox.cz,-0.03
Stalk,0.8300000000000005
tall,0.7300000000000004
stay,-0.5900000000000003
\udc31@kitten_elliephant,0.5100000000000002
style.,1.0000000000000007
RARE,-0.2800000000000001
Advertisement,0.7000000000000004
nutre,-0.060000000000000005
\udc31.Am,-0.19000000000000003
thestylishgolfer@gmailcom,0.0
\u3042,0.11999999999999998
personal,0.25000000000000006
macht,0.6300000000000003
\u0411,0.18000000000000002
magic,-0.5300000000000002
\udfff,-0.35000000000000014
\udd2a,-0.5500000000000003
porn?,0.37000000000000016
whatsapp,0.0
We,-0.12999999999999998
thecrybabyclub@gmailcom,0.0
\u66f2,0.3200000000000001
them,0.10999999999999999
SP,0.5800000000000003
\udf39,-0.5300000000000002
WRITE,1.0000000000000007
beauty,0.16
kg\n\u2661,0.0
209k,0.0
\udc36,-0.8800000000000006
\u044b,1.260000000000001
to,-0.9800000000000006
\u043a?,0.09999999999999999
ledancer,0.0
funlike,-1.0000000000000007
claudiaorosco,-0.17
\udccd,-1.0000000000000007
this..,0.0
Balne,-0.3300000000000001
Golf,-0.05
God,-0.35000000000000014
erotic,0.5000000000000002
Beauty,-0.9900000000000007
Snap:,-0.2800000000000001
Chrissyyyyy_ann,-0.20000000000000004
heavy,0.0
Promoter,1.490000000000001
\udd51,0.6300000000000003
sexmemesbiz@gmailcom,0.0
\u3064,0.24000000000000007
\u043b,0.9300000000000006
Toronto,-0.5300000000000002
Snap,0.0
-basketball,-0.2800000000000001
#,0.6600000000000004
be,0.5200000000000002
original,-0.6500000000000004
\ude3b,0.3600000000000001
travelgram,0.0
FOTOS,0.5000000000000002
\ude09,-1.0000000000000007
Merchandising|,0.0
bba,0.0
\udc1a,1.0000000000000007
ON,0.45000000000000023
Lift,-0.7200000000000004
real,-0.7100000000000004
\u0420.,0.03
\u0441,-1.460000000000001
\u5206,0.6000000000000003
er,0.0
k,-0.01
\u0436,-0.8300000000000006
admin,0.6800000000000004
\udf08,-0.17
Lore,-0.17
\udc51,0.13999999999999996
Cutest,-0.03
Eat,0.0
are,-1.320000000000001
25,0.0
show,0.0
\u00fd,-0.01
Aus,-0.38000000000000017
yo.,-0.5300000000000002
\ude48,-0.35000000000000014
\udee9,-0.13999999999999999
GYM,0.35000000000000014
pineapple,0.0
\udcd6,-0.6000000000000003
www.vibraea.bigcartel.com,-0.38000000000000017
FOR,1.0000000000000007
beach,-0.4000000000000002
plzz,0.12999999999999998
ADD,0.0
Backup,0.0
fall,0.0
check,0.7100000000000004
capa,1.0000000000000007
\udf7c,1.0100000000000007
A,1.8600000000000014
\udf32,-0.8800000000000006
dukelifestyle@hotmail.com,1.0000000000000007
born,-0.19000000000000003
\udc7b,-0.1499999999999999
letterer,-0.4000000000000002
artist,0.25000000000000006
Long,-0.21000000000000005
\ude02,0.26000000000000006
\uc0c1,-0.48000000000000026
\u8f1d,0.11999999999999998
posts,-0.19000000000000003
\u7dda,0.3200000000000001
TATTED,0.0
And,-0.6000000000000003
\udc44,1.380000000000001
logo,0.0
\uddf5,-0.01
the,1.330000000000001
\udffe,-0.35000000000000014
ximo,-0.19000000000000003
FemmeSpiritual,-0.38000000000000017
pic,0.5900000000000003
giannafiorenzemua@fastmailcom,0.0
Accountable,0.0
\udc8b,2.1699999999999977
\u50ac,0.11999999999999998
comment,0.8500000000000005
When,0.37000000000000016
Cat,-1.280000000000001
NatashaThomsen,0.9800000000000006
\u00f6,-0.17
HUMBLE,-0.060000000000000005
lit,-1.0000000000000007
15k,0.5900000000000003
loving,-0.13999999999999999
letest,0.12999999999999998
sexmemesbiz@gmail.com,-1.0000000000000007
\u4e8b,-0.5000000000000002
#kiskapole,1.0000000000000007
STAY,-0.060000000000000005
20,0.3500000000000001
Love,-0.7400000000000005
HARDCXDCB,-0.02
\u00f8,0.5100000000000002
\udcb0,0.9700000000000006
#30lbsMF,0.0
enthusiast.,0.0
B,-0.35000000000000014
30%,-0.10999999999999999
\udc9f,0.6500000000000004
\udcaf,-0.5300000000000002
\udc08,-0.6500000000000004
\udc26,-0.17
not,-1.0000000000000007
\udf51,0.8200000000000005
/,-1.0900000000000007
\udffe.,-0.20000000000000004
follow.,0.8500000000000005
slave,0.24000000000000007
was,-0.19000000000000003
\u043e,-0.24
Sneaker,0.0
Mixed,0.0
THE,0.9800000000000006
\u5c3b,0.3200000000000001
spawn.,-0.6200000000000003
\udd84,-0.20000000000000004
Always,0.9500000000000006
ALL,-0.02
DM,2.4099999999999926
Saint-Petersburg,0.7000000000000004
2016,0.20000000000000004
RESPEITO,0.5000000000000002
friend,1.0000000000000007
\udd5e,-0.04
hotties,0.37000000000000016
\udcb8,0.9500000000000006
1/1,-0.2800000000000001
S/O,0.5900000000000003
Pro,-0.4100000000000002
info@diamondfieldnet,0.0
\uac15,-0.48000000000000026
Website,0.5900000000000003
Ela,-0.4100000000000002
\udc71,0.18000000000000002
wwwvibraeabigcartelcom,0.0
for,2.709999999999986
\u3002,0.24000000000000007
living,-0.22000000000000006
turn,0.11999999999999998
SC:,-0.10999999999999999
!!,0.20000000000000004
Tahoe,-0.13999999999999999
models,1.0800000000000007
Owls,-0.17
TURN,0.45000000000000023
\u2600,-0.8200000000000005
modelos,1.0000000000000007
WHO,0.0
PUCCA,-0.03
\u0442,0.7900000000000005
TODAS,0.5000000000000002
wear,0.7300000000000004
daily.,1.0000000000000007
Dominicano,0.35000000000000014
bonbon10,0.0
MP,-0.10999999999999999
Licensed,-0.21000000000000005
LG,-0.6000000000000003
ever,0.0
\u0430,0.6500000000000004
\u273f),0.46000000000000024
\udc7e,-0.5300000000000002
Sketcher,0.0
adventure,-0.4000000000000002
entwined,-0.9900000000000007
style!,-0.05
Illustrator\nPortugal,0.0
\ude06,-0.6000000000000003
DE,0.5000000000000002
1k,-0.02
pics#ballbusting,0.0
Of,0.34000000000000014
pics,1.7500000000000013
Mia,-0.16
#TrainLikeARussian,1.0000000000000007
h,-0.3300000000000001
\udc49,1.390000000000001
@sibelmrdnle,1.490000000000001
\u0420,0.5800000000000003
foto,1.0000000000000007
like..,0.0
offered,1.0000000000000007
girls,-0.21000000000000008
yo,0.0
Kinesiology,-0.8200000000000005
COMMISSIONS,0.25000000000000006
Political,-0.22000000000000006
Add,0.10999999999999999
\u043d,0.7800000000000005
w,0.0
DDDs,0.0
somebody,-0.20000000000000004
Designer,0.0
\u3053,0.11999999999999998
is,-1.0100000000000007
Male,0.6800000000000004
Creative,-0.38000000000000017
Proud,-0.6500000000000004
@MessiahB_MVP,-0.35000000000000014
SYD,0.9500000000000006
PiscesGang,-0.5300000000000002
daily,1.2100000000000009
Page,1.0100000000000007
area,0.0
diary,0.0
solo,1.0200000000000007
\u3068,0.24000000000000007
su,0.0
\udc67,0.18000000000000002
Copyright,0.5900000000000003
'Futuro,0.35000000000000014
BITCH,-0.2800000000000001
||,1.0000000000000007
\u2694,-0.19000000000000003
#squattgirls,0.0
multifandom!,0.0
pro,0.0
Comedian,-0.19000000000000003
dvertise,0.0
20K,0.20000000000000004
taken,-0.6000000000000003
bikini,0.8000000000000005
Posted,-1.0000000000000007
\u5f53,0.11999999999999998
\u270b,0.6800000000000004
#ballbusting,0.12999999999999998
\udf4a,0.6300000000000003
fast,0.10999999999999999
Business:,-0.8800000000000006
romeroyobani323@gmail.com,-0.8800000000000006
Nr,0.38000000000000017
\u2935,-0.4200000000000002
18+,-0.2700000000000001
\u30e5,0.11999999999999998
Carioca,-0.22000000000000006
Accountable.,-0.12999999999999998
featured,0.4300000000000002
online,-0.03
\u30ed,0.11999999999999998
black,0.6800000000000004
se,-0.3100000000000001
\uc774,-0.04
#stylishgolfer,-0.05
Cambori,-0.3300000000000001
singles,0.37000000000000016
\udfdd,1.0000000000000007
good,-0.6000000000000003
\udc78,-0.16
on!,-0.13999999999999999
\uddbc,0.0
\udc6e,-0.09
|,-0.2600000000000001
BR,0.5800000000000003
\udc7b:,-0.20000000000000004
Indian,0.38000000000000017
Gr,0.0
10,0.07
#follow4follow,0.38000000000000017
Animator,-0.03
lovers,0.37000000000000016
Rivero,-0.17
18teen,0.6800000000000004
GUARDIAN,1.0000000000000007
page,0.5000000000000002
Beautifull,0.46000000000000024
moni.miskowiec@gmail.com,-0.08
job,0.0
\u044e,-0.5000000000000002
\u9858,-0.5000000000000002
(womenswear),0.0
TufMed.com:Bonnie10,-0.17
\udfcb,-0.19000000000000003
Vet,0.0
e,-0.4100000000000002
Tyres,-0.17
\uc9c0,-0.04
versace-chachi,-0.2800000000000001
open,1.0000000000000007
Festivals/burner,-0.7200000000000004
\u2733,0.18000000000000002
published.,0.38000000000000017
\ub9c8,-0.04
weed,1.7800000000000014
\BDF,-0.02
rentals,1.0000000000000007
crown,0.7300000000000004
legarmi,1.0200000000000007
advertising,-1.0000000000000007
\udc99,-0.3300000000000001
@horsepowersc,-0.17
\udca5#sexy.,0.12999999999999998
live,0.22000000000000006
argentum,-0.6000000000000003
\ude21,0.12999999999999998
I'M,-0.2800000000000001
Full,0.0
So,-0.6400000000000003
Use,-0.05
Live.,-0.34000000000000014
\udc47,-0.7200000000000004
\udc7d,1.0200000000000007
COMEDY,-0.02
Muzyka,-0.01
\udc8d,0.5900000000000003
3,-0.7200000000000004
guyin,0.0
20yrs,0.25000000000000006
mon,0.6200000000000003
\u2934,0.09999999999999999
'16,-0.09
Why,0.37000000000000016
post,1.9900000000000015
\u0443,-2.9799999999999804
\u2122,-0.19000000000000003
\u00f5,0.5800000000000003
game,0.7100000000000004
Location:,0.7000000000000004
\udc39,-0.17
\udc8c,-0.8000000000000005
Beautifully,0.34000000000000014
kush,-0.5300000000000002
Updates,1.0100000000000007
\u0142,-0.2900000000000001
\u308f,0.11999999999999998
inspiration,0.38000000000000017
student,-0.4000000000000002
eater,-0.4000000000000002
Tag,0.7600000000000005
Realness,-0.22000000000000006
\u23e9,0.18000000000000002
DIVULGA,0.5000000000000002
come,0.16
German,0.6300000000000003
neuroscience,-0.04
\udc92,0.0
back,-0.5300000000000002
YOGA,-0.13999999999999999
Demon,-0.45000000000000023
\udc95),0.3200000000000001
\u0437,-2.3199999999999945
\udc2f.Am,-0.19000000000000003
video,0.9200000000000006
\u9078,0.3200000000000001
affiliate,-0.12999999999999998
\u2708,0.5200000000000002
Ativem,1.0000000000000007
Eat.,-0.7200000000000004
NO,0.5900000000000003
\u2b07,-0.9900000000000007
Szpak,-0.01
about,-0.01
arms,-0.6500000000000004
walked,-1.0000000000000007
Watch,1.370000000000001
Location,0.0
no,-0.5300000000000002
VANDAL/MOM/BITCH/MODEL,0.5800000000000003
79217481502whatsApp,0.3200000000000001
\udc25,0.0
horror,-0.6200000000000003
Props|,0.0
Vibratrix,-0.38000000000000017
\u0421,0.8600000000000005
here:,-0.7200000000000004
Gesunde,0.6300000000000003
DBGym,-0.19000000000000003
acount,0.10999999999999999
\uc138,-0.04
Navel,0.0
\udf43,-0.01
\u0141,-0.01
\udfae,-0.17
Melb,-0.38000000000000017
060499,0.0
TZ,-0.02
bonniestoehr,0.0
man,0.34000000000000014
bad,-0.11999999999999998
For,0.15999999999999998
\uddfa,0.6600000000000004
Sapio,-0.5300000000000002
ya,-0.21000000000000005
email,0.0
whiskey,-0.6200000000000003
cam,0.10999999999999999
tagged,1.0000000000000007
Editor,-0.12999999999999998
s'assume!,0.6200000000000003
\ude01,0.37000000000000016
pop,-0.01
\u0422,0.7100000000000004
\u2043,-1.400000000000001
boa,1.0000000000000007
#BaWog,0.6800000000000004
..,0.09
\u4fc3,0.11999999999999998
why,-0.22000000000000006
Fertility,-0.38000000000000017
PERFIL,0.5000000000000002
winner,-0.03
toutes,0.6200000000000003
#hot,0.10999999999999999
Shoutouts,1.1900000000000008
SC,-0.3300000000000001
Academia,-0.19000000000000003
britishshorthair,-0.01
ogard,-0.2800000000000001
theluxuryofmillionaires@gmail.com,-0.20000000000000004
preciso,1.0000000000000007
Sweden,-0.17
FROM,0.0
PLAYER,-0.02
Selfie,-0.20000000000000004
Traveling,0.0
fiel,-0.22000000000000006
bei,-1.0000000000000007
GREAT,-0.19000000000000003
send,0.23000000000000007
If,0.12999999999999998
tem,-0.19000000000000003
\u261d,0.20000000000000004
\u200d,-1.0900000000000007
takens,0.37000000000000016
\udd79,-0.17
sk,-0.01
melbourne,-0.04
\u2734,-2.0000000000000013
Major,-0.20000000000000004
7k,0.38000000000000017
active,-0.12999999999999998
Explorer,-0.45000000000000023
Bio-Electric,-0.38000000000000017
entrepreneur,0.0
fitgram,0.0
Nothing,-0.7200000000000004
@las_follas,0.09999999999999999
nudes,0.5900000000000003
Model,-0.45000000000000023
IM,0.0
hrung,0.6300000000000003
SH,-0.10999999999999999
\udc9b,-0.5300000000000002
\Todo,-0.060000000000000005
YOU?,0.0
\udc59,0.9900000000000007
messaging,0.3300000000000001
\udca5#sexy,0.0
\u76f8,0.11999999999999998
es,0.5800000000000003
shara,0.0
Link,0.10999999999999999
\u30c4,0.3200000000000001
\u25aa,-0.33000000000000007
\udf3a,0.3200000000000001
\u4eba,0.11999999999999998
\uddf0,0.9800000000000006
Boobs,0.7100000000000004
ngeles,0.0
yarina.yao.yuan@gmail.com,-0.10999999999999999
what,-0.01
sica,-0.19000000000000003
V10,-0.6000000000000003
aga,0.0
ndez,0.0
Glounge,0.35000000000000014
Real,-0.9400000000000006
\udc4d,-0.38000000000000017
de,1.0000000000000007
Winning,0.9500000000000006
\u00e4,0.6300000000000003
\u00ed,-0.01
\ubb38,-0.48000000000000026
@carolcat1813,-0.6200000000000003
PLAY,-0.13999999999999999
severance,-0.9900000000000007
woman,0.3200000000000001
Australia,0.45000000000000023
Cats,-0.6400000000000003
\udf45,0.6300000000000003
pipstattooproducoes@gmailcom,0.0
Snapchat,-0.09999999999999999
PRESENTER,-0.02
Central,0.0
DIRECT,1.0300000000000007
chicks,0.38000000000000017
R,1.0000000000000007
\uddf3,-1.0000000000000007
Active,1.0100000000000007
In,-0.060000000000000005
\udd12,0.36000000000000015
message.,0.38000000000000017
avatar,1.490000000000001
#crnpspread,-0.13999999999999999
\u305b,0.3200000000000001
\udcff,-0.13999999999999999
Camgirl,1.490000000000001
SF,-0.10999999999999999
watch,-0.16
denn,-0.01
Internationally,0.9500000000000006
\udca5,-0.2800000000000001
\u79c1,0.11999999999999998
globe,0.7400000000000004
at,-0.7500000000000004
Engraver,-0.03
This,0.3200000000000001
mais,-0.5500000000000003
The,0.22000000000000003
guy.in,-0.060000000000000005
all,0.5900000000000003
\u3048,0.11999999999999998
Single,0.6300000000000003
\u043a,2.0799999999999996
Promo,0.36000000000000015
H_ottestgirls,0.10999999999999999
SHOUTOUTS,-1.0000000000000007
thebjjbox.com:bonniestoehr,-0.17
Twerking,-0.03
thecatylady,0.0
\u7f8e,0.3200000000000001
cualquiera,0.0
process,0.34000000000000014
\Be,-0.20000000000000004
\udc30.I,-0.19000000000000003
Gain,0.34000000000000014
FOLLOW,-1.0000000000000007
\u2665,0.11999999999999998
\udc98,-0.34000000000000014
whatsapp:,0.0
friends,-1.2500000000000009
biograf,0.0
12/04,-0.02
pictures,-0.7200000000000004
Qedate,0.0
\Diamonds,-0.5300000000000002
exagero,-0.3300000000000001
PTSD.,-0.10999999999999999
notifications,0.3200000000000001
Babes,1.0000000000000007
Artist-Performer-Hostess,-0.22000000000000006
I'll,0.6800000000000004
\udcf1,0.02000000000000003
delicious,0.7300000000000004
Inspired,-0.5300000000000002
SFS/S4S,0.36000000000000015
YEG,0.0
FB.com/MelodyPetiteOficial,0.4200000000000002
credit,0.20000000000000004
rushville22,-0.8800000000000006
qualifiedProvincials,0.0
\ude80,0.26000000000000006
en,-0.09
\ude0b,0.37000000000000016
twiter:@2hiramstripers.,0.0
capa:,0.5000000000000002
Zgorzelec,-0.02
16,0.0
19,-0.04
\udc46,0.5000000000000002
#boobs,0.10999999999999999
Twitter,0.0
we,-0.9900000000000007
RussiaRostov-on-Don,0.0
sea,1.0000000000000007
\u017aKoty,0.0
pole,1.8600000000000014
babies,0.34000000000000014
\udc0e,-0.17
only,1.0500000000000007
Home,0.38000000000000017
\u0448,-0.05000000000000004
DIVINE,2.0000000000000013
\ubd09,-0.48000000000000026
Mi,-0.09
\udf57,-0.3100000000000001
\u017a.Koty.,-0.01
IPhone!,0.6200000000000003
Girls,1.1400000000000008
Japanese,0.11999999999999998
Erotic,0.25000000000000006
\u26bd,-0.02
\u3059,-0.060000000000000005
POLE,0.4200000000000002
own,0.9800000000000006
\ude4c,-0.6000000000000003
#squatt.girls,0.38000000000000017
\u0410,0.8800000000000006
I,-0.6200000000000003
una,0.0
\u0432,2.949999999999981
Kik,1.8400000000000014
\u2b50,-0.25000000000000006
admin@iamlucianolayne.com,-0.10999999999999999
Bia,-0.2800000000000001
Journal,0.6200000000000003
native,-0.4000000000000002
le,1.0200000000000007
Sketcher/Drawer,-0.03
\ude43,-0.08
profesional,0.0
\udd03,0.7000000000000004
\u26f3,-0.05
Model.,-0.7200000000000004
chukyo,0.0
NUTREND,-0.03
Baiana,-0.22000000000000006
\udc4f,-0.6000000000000003
@250inr,0.8300000000000005
Lifestyle,0.13999999999999999
\udf7e,0.0
\udc2eBahamas,0.0
Marcel24042,-0.22000000000000006
\ub193,-0.04
\u00c5,0.0
i,0.38000000000000017
play,-0.05
\u3060,0.11999999999999998
\ufe0f24,-0.8200000000000005
\udc2fAm,0.0
UNAM,-0.17
Cup,-0.03
\udfb9,0.5100000000000002
private,0.38000000000000017
porque,0.0
Tattooed,-0.45000000000000023
HKI,-0.5300000000000002
\ud83e,-0.20999999999999996
\uc04c,0.0
major,-0.04
spawn,0.0
Sex,-1.0000000000000007
\udfc63rd,-0.03
ADVENTURE,-0.13999999999999999
purchase,0.7300000000000004
fighter,0.0
\u044c!,0.10999999999999999
No,0.9200000000000006
Martins.,0.0
Makeup,-0.5600000000000003
videos.,1.0000000000000007
\u0439,0.20000000000000004
\udfa4,0.5100000000000002
Re-enactors,-0.03
seeker,-0.4000000000000002
queen,0.5100000000000002
fit,-0.5300000000000002
Fan,1.0000000000000007
\udcaa#24,-0.17
Animals,-0.7200000000000004
stand,0.7300000000000004
#GFTeam,-0.17
monimiskowiec@gmailcom,0.0
mes,0.6200000000000003
snap,0.0
art,0.5600000000000003
in,1.1500000000000008
PornStar,0.4200000000000002
x2,0.0
body,0.3200000000000001
pizza,-1.0000000000000007
PROMO,0.20000000000000004
Fiorenze,-0.21000000000000005
nude,0.24000000000000007
\udf1f,0.4200000000000002
tutorials,-0.13999999999999999
WINNING,0.0
pyari,0.12999999999999998
ketball,0.0
dancing,0.9500000000000006
\udf47,-0.6000000000000003
\u043f,0.8100000000000005
qued,-0.09
petter,-0.4000000000000002
Infirmi,-0.01
Travel.,-0.7200000000000004
devil,0.7600000000000005
\u672c,0.11999999999999998
#LSFRISE,0.03
\udc31Am,0.0
\udc69,-0.20000000000000004
Artist,-0.4600000000000002
giannafiorenzemua@fastmail.com,-0.21000000000000005
11Alive,-0.12999999999999998
dog,-0.4000000000000002
-Jordans,-0.2800000000000001
\u2022,-1.0400000000000007
\u00cd,-0.19000000000000003
\u2744.no,0.12999999999999998
Design|,0.0
Twitter.com/melodypetite,0.4200000000000002
more,0.7900000000000005
beAccounting,-0.20000000000000004
instacummies,0.7100000000000004
have,0.8300000000000005
lo,-0.060000000000000005
always,-0.060000000000000005
\u4f53,0.3200000000000001
\u26ac,0.6300000000000003
Dancing,-0.17
22hours,-0.6500000000000004
@vitalboxcz,0.0
life,-1.0000000000000007
Accessories,0.0
judge,-1.0000000000000007
Co-founder,0.0
Snap.,0.8500000000000005
hrguld,0.0
\u2640,-0.5100000000000002
Premium,0.8500000000000005
Sexiest,0.38000000000000017
Grammy,-0.19000000000000003
DDDs.,-0.9900000000000007
\udc9a,0.6300000000000003
nunca,-0.22000000000000006
\u2615,-0.5300000000000002
notifica,1.0000000000000007
ela,-0.22000000000000006
won't,0.11999999999999998
TIME,-0.02
Online,0.03
\udcaa,-0.2
rio,-0.3300000000000001
Fitness,-0.8700000000000006
connoisseur,0.0
Comment,0.7200000000000004
Only,1.0600000000000007
\uff09,0.3200000000000001
\uffe3;),0.3200000000000001
Ashley,0.0
Khv,0.24000000000000007
Currently,-0.13999999999999999
#cleosrocknpole,-0.13999999999999999
sure,-0.05
\udc83,-0.25000000000000006
published,0.0
\udcaa....God,-0.20000000000000004
gore,-0.6200000000000003
sexy,2.849999999999983
\udd31,0.5100000000000002
XFB:,-0.17
\u76f4,0.11999999999999998
\u307e,0.05999999999999998
Luxury,-0.20000000000000004
3rd,0.0
Ladycatys,0.0
Posts,-0.19000000000000003
\udc76,-0.16
Recording,-0.35000000000000014
N,-0.010000000000000004
\udd0e,-0.6000000000000003
suggestions,0.36000000000000015
\u0424,0.08
Cartoonist,-0.03
100k,0.36000000000000015
Latina,-0.03
Personal,-0.8500000000000005
#mallu,0.0
97(20),0.0
\udda4,-0.9200000000000006
INSTAGRAM,1.0000000000000007
place,0.34000000000000014
\uddf8,-0.5400000000000003
les,0.6200000000000003
\u2019,-0.9900000000000007
MIG,0.0
\u27a1,-0.02
international,-0.17
pics.,0.12999999999999998
town,1.0000000000000007
IllustratorPortugal,0.0
page!,1.0000000000000007
\u25e0),0.46000000000000024
\udf19,1.0200000000000007
Advertising,0.23000000000000007
#followme,-0.6000000000000003
bjjteescom,0.0
\udcb2,0.23000000000000004
ass,1.2000000000000008
NOTIFICATIONS,0.45000000000000023
blog,1.0000000000000007
Atlanta,-0.12999999999999998
point,-0.9900000000000007
uma,1.0000000000000007
squats,1.0000000000000007
AUTORIZADAS,0.5000000000000002
\u4fe1,0.11999999999999998
franca1234,-0.08
keep,0.0
SNAP,0.0
PA,0.0
\udfc0/streetball,-0.2800000000000001
Arquitectura,-0.17
\udf10,-0.17
thought,-0.20000000000000004
destruye\,-0.060000000000000005
\u0447,0.4700000000000002
BSc,0.0
Brand,-0.8800000000000006
brunch,-0.04
There,-0.6600000000000004
\u81f4,-0.5000000000000002
posting!,0.3200000000000001
Exotic,1.0000000000000007
Published,0.8400000000000005
***sin,0.0
too,-0.9900000000000007
jerk,0.37000000000000016
take,0.9800000000000006
\u0414,0.9400000000000006
Dressing|,0.0
\udc4c,-0.9500000000000006
Navel............,0.38000000000000017
\u3051,0.24000000000000007
Laugh,0.0
GiannaFiorenze,-0.21000000000000005
gibakun@hotmail.it,0.7300000000000004
welovecats.store,-0.6400000000000003
opinion,-0.03
wholesale,-0.15
Bitch,-0.35000000000000014
Mr,0.35000000000000014
\u4e92,0.11999999999999998
Odont,0.35000000000000014
Ronde,0.6200000000000003
Rome,0.25000000000000006
hace,0.0
Bollywood,1.0000000000000007
man.,-0.03
welovecatsstore,0.0
romeroyobani323@gmailcom,0.0
actress,0.7500000000000004
Repeat,0.34000000000000014
kindness,0.0
Vikings,-0.19000000000000003
You,0.0
poledancer,-0.5000000000000002
geek,-0.17
estate,-0.7200000000000004
seja,0.0
San,-0.4000000000000002
this,-0.28000000000000014
owner,-0.03
travelgram:,-0.12999999999999998
\ude08,0.32000000000000006
\u308a,-0.7600000000000005
Classes,1.0000000000000007
diary.,0.3200000000000001
\u3093,0.3200000000000001
GAMESTOP,-0.17
;-),0.6800000000000004
\u3089,0.11999999999999998
pussy.,0.7300000000000004
\u013e,-0.01
Dortmund,0.4100000000000002
Let's,-0.22000000000000006
\u00c3,0.5000000000000002
Vixen,-0.10999999999999999
dank,-1.0000000000000007
People,-0.6400000000000003
\u3084,0.11999999999999998
X,0.3300000000000001
Made,-0.17
5,-0.8800000000000006
Ballshrinking,-0.6500000000000004
Charming,-0.11999999999999998
\uddf7,0.7300000000000004
me,1.330000000000001
\Better,-0.5300000000000002
tails.,-0.060000000000000005
a***,0.0
\udd13.,-0.20000000000000004
\udcc5,-0.19000000000000003
\uddfc,-0.04
@squats,1.0000000000000007
quem,-0.22000000000000006
PUBLICATIONS,1.0000000000000007
Force,0.0
Be,0.7300000000000004
\u2728,2.0400000000000005
-,1.6600000000000013
Hern,0.0
with,1.0600000000000007
Post,0.4200000000000002
puns,-1.0000000000000007
\udd38,0.16
subscribe,-0.02
________________,0.18000000000000002
Twitter:,-0.35000000000000014
PICS,0.5900000000000003
\udfd4,-0.2800000000000001
New,0.0
.,0.22000000000000006
liked,0.0
across,0.36000000000000015
Modelo,0.35000000000000014
message,0.0
updates.,0.8300000000000005
Tab,-0.12999999999999998
twerk,0.9200000000000006
9K,0.07
Divulgo,1.0000000000000007
Police,-0.6400000000000003
Explore,0.0
GLAMOURWEAR,0.0
#mallu..,0.12999999999999998
WA,-0.8800000000000006
06.04.99,-0.02
sydney,-0.12999999999999998
Deleted,0.5900000000000003
Animal,-0.17
\udfc8,-0.34000000000000014
guy.,-0.060000000000000005
o,0.48000000000000026
frei,0.6300000000000003
Bootcamp/bootycamp,-0.20000000000000004
bbg,-0.04
story,-1.0000000000000007
followme,0.11999999999999998
COMMISSIONI,0.25000000000000006
could,-0.3900000000000002
CA,0.37000000000000016
grow,0.34000000000000014
iest,0.0
kg,0.6300000000000003
Angeles,0.6200000000000003
#24,0.0
ram,0.0
\udd2e,1.0200000000000007
info@diamondfield.net,0.12999999999999998
\u0445,-1.460000000000001
meand,0.0
\u2614,-0.2800000000000001
2017Chasing,0.0
Entertainment,0.0
\n,0.0
FBcom/MelodyPetiteOficial,0.0
Showgirl,0.0
\u26a0,-0.6000000000000003
Georgia,0.0
M,-0.6400000000000003
Pole,1.0000000000000007
\udf54,-0.6000000000000003
16.7.16,-0.9900000000000007
\u0446,0.07
\udf53,0.5700000000000003
\uddf2,-0.7300000000000004
shake,-0.19000000000000003
\u0435,3.039999999999979
Saint,0.0
fashion,-0.17
Videos,-0.35000000000000014
find,0.6800000000000004
no.,0.11999999999999998
Ridingteacher,-0.17
per,1.0200000000000007
#instamanlifestyle,0.34000000000000014
Historical,-0.03
Official,0.09999999999999999
\udcf7,1.0800000000000007
Humanimal,0.5100000000000002
\udce4,0.5400000000000003
\u0440,2.9799999999999804
thestylishgolfer@gmail.com,-0.05
OF,1.0000000000000007
featured!,-0.13999999999999999
Email,0.12999999999999998
cats?,-0.6400000000000003
Costume,-0.6400000000000003
vk,0.24000000000000007
rahisi,-1.0000000000000007
si,-0.22000000000000006
\udffb,1.500000000000001
name,0.7100000000000004
Poland,-0.01
\udcf8,0.45000000000000023
trick,-0.02
Bolsonaro,-0.19000000000000003
\u2765,2.0000000000000013
\udf34,-0.13999999999999999
\u60c5,0.11999999999999998
\u043c/,0.49000000000000027
photos...,0.6200000000000003
\u0434,1.0500000000000007
kbm,-0.04
by,-0.9300000000000006
\ud0b7,0.0
qui,0.6200000000000003
giant,0.12999999999999998
\u304a,-0.6800000000000004
girl,0.08
know,0.0
videos,0.09
24/7,1.0000000000000007
Dono,-0.19000000000000003
avec,0.6200000000000003
love,-0.5800000000000004
money,1.7800000000000014
\u0451,0.18000000000000002
Gardener,0.0
Notifications,0.09999999999999999
collaborate.,-0.22000000000000006
Bonnie10,0.0
can,0.37000000000000016
hottest,0.37000000000000016
#husbeans,-0.9900000000000007
\udc3a,-0.01
destruye,0.0
\udf02,0.10999999999999999
Holland,-0.17
dose,1.0000000000000007
Remember,-0.22000000000000006
\u2642,0.3200000000000001
Numa,0.0
Hacked,-0.35000000000000014
fucking,0.07999999999999997
Soy,0.35000000000000014
serve,-1.0000000000000007
Inspire,-0.10999999999999999
16716,0.0
\u601d,0.11999999999999998
Dancer/Showgirl,0.9500000000000006
\udcdd,-1.0000000000000007
Fashion,-1.1300000000000008
patrick_piva,0.0
Student,-0.18
\u044c,-0.4100000000000002
$houtouts,1.300000000000001
will,1.290000000000001
@bjj_tees,-0.17
\u3044,0.8600000000000005
\udca6,-0.08000000000000003
Drawer,0.0
telf,0.0
\u273f,0.46000000000000024
apart,-0.6000000000000003
\u3082,0.11999999999999998
Luber,0.0
boring,-0.7200000000000004
fico,0.0
Nashvillefeministcollective@gmail.com,0.0
\udf07,-0.02
pipstattooproducoes@gmail.com,0.5800000000000003
\udca5#andenovaa,0.03
All,-1.2500000000000009
9k,0.18000000000000002
\Amo,1.0200000000000007
\udf3b,-0.17
fb,0.0
MOSTRAR,0.5000000000000002
Certified,0.0
pictures/videos,-0.7200000000000004
seja.,-0.22000000000000006
\udd10,-0.060000000000000005
Sexy,1.0100000000000007
\udf3c,0.9900000000000007
Ern,0.6300000000000003
\udf4c,0.6300000000000003
cunt,-0.6200000000000003
fb:Caty,0.8500000000000005
Laugh.,-0.34000000000000014
RADIO,-0.02
business,-0.4100000000000002
\ude11,0.5900000000000003
\udbba,-0.7600000000000005
@vulgar_classic,0.49000000000000027
Micha,-0.01
direct.,0.23000000000000007
..^^,-0.04
UofC,-0.8200000000000005
Film,0.4200000000000002
\u898b,0.36000000000000015
one,-0.20000000000000004
Booty,0.18
Illustrator,-0.03
sidekick,-0.45000000000000023
COMMUNITY,-0.13999999999999999
\udc2e.Bahamas,-0.19000000000000003
KZ/KG,0.18000000000000002
\udd0a,-0.009999999999999997
#RichForever,-0.35000000000000014
\u20e3,0.34000000000000014
\u2601,-0.6500000000000004
speak,-0.6200000000000003
music,-0.6300000000000003
followers,0.9200000000000006
\,-1.0000000000000007
\udc65,-0.7200000000000004
udf31,0.0
ACCEPT,0.25000000000000006
\u308c,0.11999999999999998
Provincially,0.0
//,0.0
of,-0.9200000000000006
23,-0.5300000000000002
web,0.10999999999999999
inquiries,-0.15
Content,-0.20000000000000004
\u5973,0.3200000000000001
sur,0.6200000000000003
chapter,-1.0000000000000007
\udf89,-0.7200000000000004
gratid,-0.3300000000000001
ACROYOGA,-0.13999999999999999
\u81ea,0.6000000000000003
do,-0.6400000000000003
\udc48,-0.09999999999999996
asian,1.9000000000000015
Allen,-0.10999999999999999
THINGS,-0.15
GOOD,1.0000000000000007
use,0.7200000000000004
gibakun@hotmailit,0.0
Level,-0.45000000000000023
owned,-0.19000000000000003
first),0.25000000000000006
AYURVEDA,-0.13999999999999999
fairy,-0.060000000000000005
\udcab,0.48000000000000026
@its.a.rabbit,-0.5300000000000002
Promo/business,0.38000000000000017
^^,0.0
Random,-0.35000000000000014
Diamond,-0.03
jyoti,0.12999999999999998
Atirar,-0.19000000000000003
\u203f,0.9200000000000006
\u30fc,0.4400000000000002
\uddf9,-0.05
injected,-0.6500000000000004
\u010c,-0.01
Actress,0.15
bikinis,1.0000000000000007
Bisexual,0.0
Models,0.0
worrier,-0.20000000000000004
\u231a,-0.02
out,0.7100000000000004
day,-0.4000000000000002
Adult,1.1700000000000008
Brandi30,-0.10999999999999999
DMs,0.5900000000000003
\udf4d,-0.5000000000000002
\u043c,-1.320000000000001
Media,0.0
BA,0.0
ude0e,0.0
\u270c,0.3000000000000001
...,1.1100000000000008
Rap,-0.19000000000000003
fitgram:,-0.12999999999999998
direct/email,0.34000000000000014
\udde6,0.2700000000000001
Sydney,0.45000000000000023
Your,1.0000000000000007
\udc57,0.4200000000000002
suggestions/collaborations,0.05
Contact:,0.12999999999999998
way,-0.05
Patrick,0.0
PT,-0.48000000000000026
and,0.3400000000000001
\u264b,0.12999999999999998
\u304f,0.24000000000000007
\ub0a8,-0.48000000000000026
loves,-0.6200000000000003
conquien,0.0
On,0.09999999999999999
hr.guld,0.0
stuff,-0.17
ST,0.0
ME,0.0
#MCU,-0.6000000000000003
\udde9,1.330000000000001
\udca2,0.12999999999999998
Jair,-0.19000000000000003
\udce7,-0.8700000000000006
showing,0.10999999999999999
animes,-0.6000000000000003
oF,1.0100000000000007
\u25e1,0.9200000000000006
admin@iamlucianolaynecom,0.0
manda,1.0000000000000007
\udd74,0.35000000000000014
IAmTheUniverse,-0.5300000000000002
Svetlana,0.24000000000000007
\udee1,-0.19000000000000003
!,0.16
Photo,0.2800000000000001
Licence,-0.6500000000000004
#10thPlanet,-0.17
@travell_with_luxury,0.23000000000000007
\u0444,0.05
Sport,0.6300000000000003
business.Twitter:thecatylady,0.8500000000000005
sarcasm,0.0
O,0.5000000000000002
NASM,0.0
\uc758,-0.48000000000000026
\u0421.,0.09
\udc9e,0.23000000000000004
\udf46,-0.08
soul,-0.20000000000000004
NY,-0.21000000000000005
\u25e0,0.46000000000000024
YYC,-0.8200000000000005
\u3080,-0.5000000000000002
updates,0.0
Like,0.7200000000000004
\udc45,-0.4400000000000002
US,-0.10999999999999999
aapki,0.12999999999999998
\u3058,0.11999999999999998
Denmark,0.9800000000000006
Travel,-0.20000000000000004
ESSE,1.0000000000000007
brand,-0.02
\udc34,-0.17
cama,0.0
BELEZA,0.5000000000000002
@ericaj_inchaarg,-0.12999999999999998
\u0431,-0.46000000000000024
Memes,-1.0000000000000007
Nashvillefeministcollective@gmailcom,0.0
em,0.0
any,-0.7900000000000005
\u041e,0.4100000000000002
booking,0.9500000000000006
\udf80,1.7200000000000013
weightlifting,-0.04
Ele,-0.19000000000000003
\u00c1,0.5100000000000002
pg,0.0
everlasting.-,-0.9900000000000007
Island,-0.21000000000000005
#follow,0.10999999999999999
lover,-0.7400000000000004
boxerbonb0n,-0.17
2D,-0.03
ask,-0.19000000000000003
\ufe0f,-1.0100000000000007
\uc744,-0.04
Dm,0.8500000000000005
Vets/Trauma,-0.10999999999999999
incondicional,0.35000000000000014
Everyday,-1.0000000000000007
you,-0.5700000000000003
\ude4f,-0.010000000000000004
Graficdesigner,-0.03
\u304c,0.11999999999999998
\udc40,-0.4200000000000002
Twittercom/melodypetite,0.0
open!,-0.19000000000000003
....,-0.20000000000000004
\u003e,0.23000000000000007
\ude05,-0.6000000000000003
hash-tag,-0.13999999999999999
\ude1d,0.6800000000000004
\udc96,-0.08
PHOTOGRAPHY,0.0
fluent,-0.6200000000000003
TokyoJapan,1.0000000000000007
vids,-0.37000000000000016
college,-0.4000000000000002
that,0.3900000000000002
FUTURE,-0.02
Tech,-0.10999999999999999
Video,-0.10999999999999999
snap:miikkaflips,-0.02
rock,-0.01
facebook,0.0
\udcda,-1.0000000000000007
\u041a,0.7500000000000004
thecrybabyclub@gmail.com,-0.15
SI,0.25000000000000006
:,1.1000000000000008
\u983c,-0.5000000000000002
\u305f,0.5600000000000003
#SexMemes,-1.0000000000000007
\udc9435,0.11999999999999998
\u6b73,0.11999999999999998
\u0435-,0.24000000000000007
Pitt,-0.12999999999999998
pics.#ballbusting,0.10999999999999999
=,0.19000000000000003
Explore.,-0.7200000000000004
Studio,1.0000000000000007
hara,0.0
Queen,-0.22000000000000006
Slovenska,-0.01
\u4f9d,-0.5000000000000002
Influencer,-0.8800000000000006
Decorations|,0.0
\u30d1,0.3200000000000001
businessTwitter,0.0
Los,0.6200000000000003
Coffee,0.0
Vegetarian,-0.6000000000000003
logo',0.35000000000000014
\uc694,-0.04
cat,-0.6000000000000003
Carol,-0.16
facebook:,0.0
\udc9c,-0.12999999999999998
shagg,0.26000000000000006
llamadas,0.0
\u041f,0.9700000000000006
\u306e,1.2400000000000009
everlasting,0.0
null,0.9900000000000004
NPAA,-0.8200000000000005
VENDO,1.0000000000000007
\u00f1,0.0
Rock,-0.13999999999999999
\udf4b,0.6300000000000003
Survivors,-0.10999999999999999
aren't,-0.19000000000000003
GOT,-0.19000000000000003
\uddfd,-0.9300000000000006
Hijab,0.5100000000000002
\udd1e,1.0000000000000007
?,-0.01
\udc4a,0.09999999999999999
////,-0.35000000000000014
TufMedcom,0.0
\ude94,0.09999999999999999
@luxurybeauties,0.0
Kik/Telegram:,-0.20000000000000004
reading,-0.6000000000000003
+584142835548,0.0
NJOO,-1.0000000000000007
gear,-0.13999999999999999
DONE,-0.15
E,0.5000000000000002
MANAGER,-0.17
on,1.6900000000000013
\u26a1,-0.4200000000000002
books,-0.6000000000000003
time,0.0
direct,2.0000000000000013
TASTE,1.0000000000000007
enquires,0.9500000000000006
Bikini,-0.48000000000000026
;),0.0
\udffd,-0.020000000000000004
performer,-0.5000000000000002
\u2197,0.7400000000000004
Martins,0.0
FB,0.0
leatherpassion,1.8400000000000014
kro,0.12999999999999998
pleasure.,0.38000000000000017
IFBB,-0.03
20.9k,-0.35000000000000014
Gianna,-0.21000000000000005
did,0.0
Caty,0.0
TV,-0.02
\u3088,0.11999999999999998
\u2661,3.419999999999971
Coach,-0.8200000000000005
Garota,1.0000000000000007
\u8003,0.11999999999999998
must,0.37000000000000016
\udd13,0.42000000000000015
baddest,0.38000000000000017
ara,0.0
Glam,-0.35000000000000014
Set,0.0
from,-0.16000000000000003
enthusiast,0.0
\u63cf,0.3200000000000001
#my,0.12999999999999998
\udc31,-0.6300000000000003
cada,-0.22000000000000006
Dise,0.0
area.,-0.03
STAR,0.4200000000000002
-Moscow,0.24000000000000007
me...and,0.0
EVLS,-0.03
Trainer,-0.8200000000000005
addict,-0.21000000000000005
twiter,0.0
\udd2b,0.9900000000000007
nash_feminists,0.0
X\nFB,0.0
d,-0.01
PlayMt,1.0100000000000007
My,-0.45000000000000023
\u77e5,0.24000000000000007
\u041d,0.5200000000000002
\udf38,-0.7700000000000005
sheen,0.5100000000000002
INDE,0.0
trainer,-0.03
VideosPictures,0.0
telf:,0.0
@iam1N3,0.0
think,-0.9900000000000007
Better,0.37000000000000016
HolyTrinity,0.0
@dirtyblondediaries_,-0.12999999999999998
Respondo,-0.19000000000000003
we!,-0.6400000000000003
espera,-0.22000000000000006
\u26fa,-0.4000000000000002
zo,-0.01
sis,-0.03
\u201c,-0.9900000000000007
